{"max_new_tokens": 605, "temperature": 0.9920002117887168, "top_p": 0.8121953364229881, "top_k": 48, "repetition_penalty": 1.8585424787763944, "num_beams": 3, "length_penalty": 0.3123320252011699}