{"temperature": 0.7288031670655517, "top_p": 0.5062276525188422, "top_k": 42, "repetition_penalty": 1.0754520011244653, "max_new_tokens": 865, "do_sample": "True"}